,Without Risk Management,With Risk Management
Sharpe Ratio,0.21127380075951926,0.14172945172668852
CAGR,-0.022099961502878185,0.008762958310269298
Max Drawdown,-0.8907353693908892,-0.485867182098754
Volatility,0.3870612441397585,0.14913469854898992
Calmar Ratio,-0.024810917206522048,0.018035707356106632
